id,name,religion,sex,age,role,estate,origin,status,brigata,relationships
author,Boccaccio,christian,m,,,,Firenze,,,
dioneo,Dioneo,,m,youth,,,Firenze,,yes,
elissa,Elissa,,f,youth,,,Firenze,,yes,
emilia,Emilia,,f,youth,,,Firenze,,yes,
fiammetta,Fiammetta,,f,youth,,,Firenze,,yes,
filomena,Filomena,,f,youth,,,Firenze,,yes,
filostrato,Filostrato,,m,youth,,,Firenze,,yes,
lauretta,Lauretta,,f,youth,,,Firenze,,yes,
neifile,Neifile,,f,youth,,,Firenze,,yes,
pampinea,Pampinea,,f,youth,,,Firenze,,yes,
panfilo,Panfilo,,m,youth,,,Firenze,,yes,
chimera,Chimera,,f,,servant,,,,,
licisca,Licisca,,f,,servant,,,,,
misia,Misia,,f,,servant,,,,,
parmeno,Parmeno,,m,,servant,,,,,
sirisco,Sirisco,,m,,servant,,,,,
stratilia,Stratilia,,f,,servant,,,,,
tindaro,Tindaro,,m,,servant,,,,,
abraam,Abraam / Giovanni,jew,m,adult,merchant,mercantile,Parigi,,,friend of giannottocivigni
adalieta,Adalieta,christian,f,youth,housewife,noble,Pavia,married,,wife of torello
adriano,Adriano,,m,youth,unspecified,unknown,Firenze,unmarried,,friend of pinuccio; lover of donna-0906
agnesa,Agnesa,christian,f,adult,housewife,mercantile,Siena,married,,wife of marito-0703; lover of fraterinaldo
agnesabernabuccio,Angesa di Bernabuccio,christian,f,youth,housewife,unknown,Faenza,unmarried-to-married,,daughter of bernabuccio; sister of giannole; wife of minghino; ward of guidotto giacomino
agilulfo,Agilulfo,,m,adult,king,royalty,Pavia,married,,husband of teodolinda
agnolella,Agnolella,,f,youth,,poor,Roma,unmarried-to-married,,daughter of gigliozzo; wife of pietroboccamazza
agolante,Agolante Agolanti,,m,,merchant,noble,Firenze,married,,son of tebaldo; relative of agolanti; brother of lamberto tedaldo
agolanti,Agolanti,,,,,noble,Firenze,,,family of agolante sandroagolanti alessandro lamberto tebaldo tedaldo
berto,frate Alberto (Berto della Massa),,,adult,outlaw,poor,Imola,unmarried,,
maestroalberto,maestro Alberto da Bologna,,m,elder,doctor,,Bologna,unmarried,,
alatiel,Alatiel,muslim,f,youth,princess,royalty,AlessandriaEg,unmarried-to-married,,daughter of beminedab; lover of pericone principemorea ducaatene costanzio antioco marato; wife of ozbek regarbo
aldobrandino,Aldobrandino Palermini,,m,adult,,noble,Firenze,married,,husband of ermellina; murderer of faziuolo
alessandro,Alessandro Agolanti,christian,m,,moneylender,mercantile,Firenze,unmarried-to-married,,nephew of agolante lamberto tedaldo; relative of agolanti; husband of donna-0203
alessandrochiarmontesi,Alessandro Chiarmontesi,,m,adult,,noble,Firenze,unmarried,,
santoalesso,santo Alesso,christian,m,,,religious,Roma,,,
alessorinucci,Alesso Rinucci,,m,adult,,noble,,,,cousin of nonnapulci
alibech,Alibech,,f,youth,,mercantile,Gafsa,unmarried-to-married,,lover of rustico; wife of neerbale
ambrogiolo,Ambrogiuolo da Piagenza,,m,youth,merchant,mercantile,Piacenza,married,,
ambruogia,Ambruogia,,f,,housewife,mercantile,Milano,married,,wife of guasparruolo; lover of gulfardo
santoambruogio,santo Ambruogio (san Sedoni da Siena),christian,m,,,religious,Siena,,,
ambruogioanselmini,Ambruogio Anselmini,,m,,unspecified,poor,Siena,married,,husband of mitaanselmini; friend of tingocciomini
amerigo,Amerigo Abate da Trapani,,m,adult,cityauthority,noble,Trapani,married,,father of violante
amore,Amore,pagan,m,,,,,,,
andreuccio,Andreuccio di Pietro (da Perugia),,m,youth,merchant,mercantile,Perugia,unmarried,,
andreuola,Andreuola (da Ponte Carraro),,f,youth,,noble,Brescia,unmarried-to-married,,daughter of negropontecarraro; lover of gabriotto
realfonso,Anfonso X re di Spagna,,m,,king,royalty,,,,
ansaldo,Ansaldo Gradense,christian,m,,knight,noble,Friuli,unmarried,,
antigono,Antigono di Famagosta,muslim,m,elder,servant,poor,Famagosta,,,servant of recipro-0207 beminedab
antioco,Antioco,,m,elder,,military,,,,servant of ozbek; lover of alatiel
antonioorso,Antonio d'Orso,christian,m,adult,churchauthority,religious,Firenze,,,
arcita,Arcita,,f,,,,,,,
aristippo,Aristippo (V.1),,m,,,noble,Cipro,,,father of galeso
aristippo1008,Aristippo (X.8),pagan,m,,philosopher,,Atene,,,
arrighettocapece,Arrighetto Capece,,m,adult,lord,noble,Napoli,married,,husband of beritolacaracciola; father of giuffredi loscacciato
santoarrigo,santo Arrigo / Arrigo,christian,m,,,religious,Bolzano,,,
arriguccio,Arriguccio Berlinghieri,christian,m,,merchant,mercantile,Firenze,married,,husband of sismonda
atticiato,Atticciato (Atticiato),,m,,,poor,Firenze,,,
autari,Auttari,,,,king,royalty,longobarda,married,,husband of teodolinda
marcheseazzo,marchese Azzo da Ferrara,,m,adult,cityauthority,noble,Ferrara,,,lover of vedova-0202
baronci,Baronci,,,,family,,Firenze,,,
bartolomea,Bartolomea Gualandi,,f,youth,,noble,Pisa,married,,wife of riccardochinzica paganinomonaco; daughter of lottogualandi
rebasano,Basano,muslim,m,adult,king,royalty,Turkey-AsiaMinor,,,
beatricegalluzzi,Beatrice Galluzzi,christian,f,,,noble,Bologna,married,,wife of eganogalluzzi; lover of lodovico
belcolore,Belcolore,christian,f,adult,housewife,mercantile,Varlungo,married,,wife of bentivegnamazzo; lover of prete-0802
beltramo,Beltramo di Rossiglione,,m,youth-adult,count,noble,Roussillon,unmarried-to-married,,ward of refrancia-0309; husband of giletta; son of isnardo
benedetto,Benedetto Ferondi,,m,child,,mercantile,Tuscany,,,son of donna-0308 abate-0308 ferondo
bentivegnamazzo,Bentivegna del Mazzo,,m,adult,peasant,mercantile,Varlungo,married,,husband of belcolore
beminedab,Beminedab / soldano,muslim,m,adult,sultan,royalty,AlessandriaEg,married,,father of alatiel
bergamina,Bergamina,,f,adult,,,,married,,wife of guasparruolosaliceto
bergamino,Bergamino,,m,adult,courtier,noble,,,,
beritolacaracciola,madama Beritola Caracciola / Cavriuola,,f,adult,,noble,Napoli,married,,wife of arrighettocapece; mother of giuffredi loscacciato
bernabo,Bernabò Lomellin da Genova,,m,adult,merchant,mercantile,Genova,married,,husband of ginevra
bernabuccio,Bernabuccio,,m,adult,,,Faenza,married,,father of giannole agnesabernabuccio
bernardo,Bernardo Puccini,christian,m,adult,artisan,noble,Firenze,married,,father of lisa; husband of madre-1007
santobernardo,san Bernardo,christian,m,,,religious,Clairvaux,,,
bettobrunelleschi,Betto Brunelleschi,,m,adult,cityauthority,mercantile,Firenze,,,
biagiopizzini,Biagio Pizzini,,m,youth,,,Certaldo,,,
biliuzza,Biliuzza,,f,adult,,,Varlungo,,,lover of prete-0802
binguccio,Binguccio dal Poggio,,m,adult,,,Varlungo,,,
biondello,Biondello,,m,adult,,unknown,Firenze,,,
bonaccorri,Bonaccorri da Ginestreto,,m,adult,legalauthority,noble,Firenze,,,
bonifazio,Bonifazio VIII,christian,m,adult,pope,religious,Anagni,unmarried,,
brunetta,Brunetta,,f,,peasant,poor,Tuscany,,,lover of chichibio
bruno,Bruno (di Giovanni d'Olivieri),christian,m,adult,artist,mercantile,Firenze,,,
buffalmacco,Buffalmacco (Bonamico),christian,m,adult,artist,mercantile,Firenze,,,
buglietto,Buglietto,,m,adult,,,Varlungo,,,father of nuto
buttafuoco,Buttafuoco,,m,adult,pander,poor,Napoli,,,
calandrino,Calandrino,christian,m,adult,artist,mercantile,Firenze,married,,husband of tessa
canescala,messer Cane / Cangrande della Scala,,m,adult,lord,noble,Verona,married,,
carapresa,Carapresa,christian,f,adult,servant,poor,Trapani,,,
cmagno,Carlo Magno,christian,m,adult,king,royalty,unknown,,,
recarloi,re Carlo primo d'Angiò,,m,adult,king,royalty,France,,,father of recarloii; grandfather of robertoangio; uncle of carlosenzaterra
recarloii,re Carlo secondo (nostro re Carlo),christian,m,adult,king,royalty,France,,,son of recarloi; father of robertoangio; cousin of carlosenzaterra
carlosenzaterra,Carlo Senzaterra di Valois,,m,adult,prince,royalty,Valois(France),married,,nephew of recarloi; cousin of recarloii
cassandrea,Cassandrea,,f,adult,,noble,Rodi,unmarried-to-married,,wife of lisimaco
catalina,Catalina (Carisendi) Caccianemico,christian,f,,housewife,noble,Bologna,married,,wife of niccoluccio; relative of gentile; mother of figlio-1004
catella,Catella Sighinolfi,,f,adult,housewife,noble,Napoli,married,,wife of filippello; lover of ricciardominutolo
caterina,Caterina da Valbona,,f,youth,,,Romagna,unmarried-to-married,,daughter of lizio giacomina; wife of ricciardomanardi
cavalcantecavalcanti,Cavalcante Cavalcanti,christian,m,,,noble,Firenze,,,father of guidocavalcanti
encararh,segner En Cararh,,m,adult,merchant,mercantile,Catalonia,,,
ceccoangiulieri,Cecco Angiulieri,,m,adult,writer,noble,Siena,,,
ceccofortarrigo,Cecco Fortarrigo,,m,adult,unspecified,noble,Siena,,,
cesca,Cesca da Celafico,,f,youth,maiden,,,,,niece of fresco
chichibio,Chichibio,,m,adult,servant,poor,Venezia,,,lover of brunetta; servant of curradogianfigliazzi
ciacco,Ciacco,,m,adult,,unknown,Firenze,,,
ciappelletto,Ciappelletto/Cepparello,,m,adult,outlaw,,Prato,,,
cinciglione,Cinciglione,,m,adult,,,,,,
cinopistoia,Cino da Pistoia (Guittoncino de' Sinibaldi),,m,adult,writer,noble,Pistoia,,,
fratecipolla,frate Cipolla,christian,m,adult,preacher,religious,,unmarried,,
cipseo,Cipseo,,m,,,noble,Cipro,,,father of efigenia
cisti,Cisti,,m,adult,artisan,mercantile,Firenze,,,
ciuriaci,Ciuriaci,,m,adult,servant,poor,Morea,,,servant of principemorea
ciutazza,Ciutazza,,f,adult,servant,poor,Fiesole,unmarried,,servant of piccarda; lover of proposto-0804
narnaldcivada,N'Arnald Civada,,,adult,merchant,mercantile,Marsiglia,,,father of bertellacivada magdalenacivada ninettacivada
bertellacivada,Bertella Civada,,f,youth,maiden,mercantile,Marsiglia,,,daughter of narnaldcivada; sister of magdalenacivada ninettacivada; lover of ughetto
magdalenacivada,Magdalena Civada,,f,youth,maiden,mercantile,Marsiglia,,,daughter of narnaldcivada; sister of bertellacivada ninettacivada; lover of folco ducacreti
ninettacivada,Ninetta Civada,,f,youth,maiden,mercantile,Marsiglia,,,daughter of narnaldcivada; sister of magdalenacivada bertellacivada; lover of restagnone; murderer of restagnone
abatecligni,abate di Cligní,christian,m,adult,churchauthority,religious,,,,
coppo,Coppo di Borghese Domenichi,,m,elder,cityauthority,noble,Firenze,,,
corsodonati,Corso Donati,,m,adult,cityauthority,noble,Firenze,,,
costanzio,Costantino / Constanzio,christian,m,adult,,royalty,Costantinopoli,,,son of imperatorecostantinopoli; lover of alatiel; uncle of manuello
cremete,Cremete,pagan,m,elder,,noble,Atene,,,friend of publioqf; father of gisippo; guardian of tito; relative of parentigisippo-1008
criseida,Criseida,,f,adult,,,,,,lover of troilo
crivello,Crivello,,m,,intermediary,poor,,,,servant of giacomino agnesabernabuccio
currado-trapani,Currado,,m,adult,cityauthority,noble,Trapani,,,
curradogianfigliazzi,Currado Gianfigliazzi,,m,adult,lord,noble,Tuscany,,,
corradomalaspina,Currado de' marchesi Malespini,,m,adult,,noble,Villafranca,married,,husband of mogliecmalaspina-0206; father of spina
dantealighieri,Dante Alighieri,christian,m,,writer,noble,Firenze,married,,
degoratta,Dego della Ratta,,m,adult,courtier,noble,Barcellona Catalonia,,,
dianora,madonna Dianora,christian,f,,,noble,Friuli,married,,wife of gilberto
santodomenico,san Domenico,christian,m,,,religious,Calaruega (Spain),,,
efigenia,Efigenia,,f,youth,,noble,Cipro,unmarried-to-married,,daughter of cipseo; wife of galeso
eganogalluzzi,Egano Galluzzi,christian,m,,,noble,Bologna,married,,husband of beatricegalluzzi
elena,Elena,,f,adult,widow,noble,Firenze,unmarried,,lover of amante-0807
ellisabetta,Ellisabetta,christian,f,youth,maiden,mercantile,SanGimignano,unmarried,,sister of fratelli-0405; lover of lorenzo
ercolano,Ercolano,,,adult,,,Perugia,married,,husband of moglieercolano-0510
ermellina,Ermellina Palermini,,f,adult,housewife,noble,Firenze,married,,wife of aldobrandino; lover of tedaldoelisei
erminogrimaldi,Ermino (Avarizia) de' Grimaldi,,m,adult,lord,noble,Genova,,,
esculapio,Esculapio,pagan,,adult,,,ancientGreece,,,
eva,Eva,,f,adult,,,,,,
faziuolo,Faziuolo da Pontriemoli,,m,,soldier,,Pontremoli,,,lover of ermellina
federigoalberighi,Federigo degli Alberighi,,m,youth-elder,widow,noble,Firenze,unmarried-to-married,,son of filippoalberighi; husband of giovanna
federigoneripegolotti,Federigo di Neri Pegolotti,,m,youth,unspecified,unknown,Firenze,unmarried,,lover of monnatessa
federicoi,imperador Federigo primo (Barbarossa),christian,m,,emperor,royalty,Germany,,,grandfather of federicoii
federicoii,Federigo secondo,,m,,emperor,royalty,Germany,married,,grandson of federicoi; son of gostanza-0404; father of remanfredi; cousin of reguglielmo; grandfather of reina-1007
fediiar,re Federigo II d'Aragona,christian,m,adult,king,royalty,Aragona,,,grandson of remanfredi
donfelice,don Felice,christian,m,adult,monk,religious,,,,lover of monnaisabetta
ferondo,Ferondo,christian,m,,peasant,mercantile,Tuscany,married,,husband of donna-0308
figiovanni,Figiovanni,,,,family,noble,Firenze,,,family of ruggierifigiovanni
fiordaliso,giovane ciciliana / madama Fiordaliso,christian,f,youth,prostitute,mercantile,Palermo,,,
madonnafilippa,Madonna Filippa,,f,adult,housewife,,Prato,,,wife of rinaldodepugliesi; lover of lazzarinodeguazzagliotri
filippello,Filippello Sighinolfo,,,adult,,noble,Napoli,married,,husband of catella
filippo,Filippo,,m,youth,,,Rimini,unmarried,,lover of donna-0705
filippoalberighi,Filippo Alberighi,,m,adult,,noble,Firenze,,,father of federigoalberighi
filippoargenti,Filippo Argenti,,m,adult,knight,noble,Firenze,,,
filippobalducci,Filippo Balducci,christian,m,,widow,mercantile,Firenze,unmarried,,father of figliobalducci-04intro
filippocornacchini,Filippo Cornacchini,,m,adult,merchant,mercantile,Firenze,unmarried,,son of niccolocornacchini; lover of niccolosa
filippobornio,re Filippo il bornio,,m,adult,king,royalty,France,,,
filippominutolo,Filippo Minutolo,christian,m,adult,churchauthority,religious,Napoli,,,
fineo,Fineo,,m,adult,king,noble,Armenia,,,father of teodoro
folco,Folco,,m,youth-adult,unspecified,,Marsiglia,,,lover of magdalenacivada; murderer of magdalenacivada
forese,messer Forese da Rabatta,,m,adult,legalauthority,noble,Tuscany,,,
francesca,madonna Francesca de' Lazzari,,f,adult,widow,noble,Pistoia,unmarried,,
francesco,messer Francesco Vergellesi,,m,adult,cityauthority,noble,Pistoia,married,,husband of donna-0305
santofrancesco,san Francesco,christian,m,,,religious,Assisi,,,
fresco,Fresco da Celatico,,m,,,,Celatico,,,uncle of cesca
fulvia,Fulvia,pagan,f,youth,maiden,noble,Roma,unmarried-to-married,,sister of tito; wife of gisippo; daughter of publioqf
gabriotto,Gabriotto,,m,adult,,mercantile,Brescia,unmarried-to-married,no,lover of andreuola
santogaleone,santo Galeone,christian,m,,,religious,,,,
galeso,Galeso / Cimone,,m,youth,,noble,Cipro,unmarried-to-married,,son of aristippo; murderer of pasimunda ormisda; husband of efigenia
galeno,Galieno,pagan,m,adult,doctor,,ancientGreece,,,
gemmata,Gemmata,,f,youth,housewife,poor,Tresanti,married,,wife of pietrodatresanti
gentile,Gentile Carisendi,christian,m,youth,knight,noble,Bologna,unmarried,,relative of catalina; son of madre-1004
gerardo,Gerardo di Nerbona,,m,,doctor,mercantile,Narbonne,,,father of giletta
gerbino,Gerbino,christian,,,,royalty,,unmarried,,son of ruggieri-0404; nephew of gostanza-0404; grandson of reguglielmo; family of guiscardo
geremia,Geremia,,m,adult,,religious,,,,
gerispina,Geri Spina,,m,adult,,noble,Firenze,married,,
ghino,Ghino di Tacco,christian,m,adult,outlaw,noble,Siena,,,
ghismonda,Ghismunda,,f,adult,princess,royalty,Salerno,unmarried,,lover of guiscardo; daughter of tancredi
ghita,monna Ghita,christian,f,adult,housewife,noble,Arezzo,married,,wife of tofano; lover of giovane-0704
giachetto,Giachetto Lamiens,,m,youth-adult,,noble,Londra,unmarried-to-married,,son of dama-0208 padregiachetto-0208; husband of violante
giacomina,Giacomina da Valbona,,f,adult,,,Romagna,married,,mother of caterina; wife of lizio
giacomino,Giacomino da Pavia,,m,elder,soldier,military,Pavia,,,guardian of agnesabernabuccio
gianprocida,messer Gian di Procida,,m,,,,Procida,,,brother of landolfoprocida; uncle of gianniprocida
giannello,Giannello Scrignario,christian,m,youth,unspecified,unknown,Napoli,unmarried,,lover of peronella
gianniprocida,Gianni da Procida,,m,youth,,,Procida,unmarried-to-married,,son of landolfoprocida; nephew of gianprocida; husband of restituta
violante,Violante / Giannetta,,f,youth-adult,,noble,Anversa,unmarried-to-married,,daughter of gualtierianversa; sister of luigi; wife of giachetto; ward of dama-0208 padregiachetto-0208
giannilotteringhi,Gianni Lotteringhi,christian,m,adult,merchant,mercantile,Firenze,married,,husband of monnatessa
gianninello,Gianni di Nello,,m,,cityauthority,noble,Firenze,,,
giannole,Giannole di Severino,,m,youth,,,Faenza,,,brother of agnesabernabuccio; son of bernabuccio
giannottocivigni,Giannotto di Civignì,christian,m,adult,merchant,mercantile,Parigi,,,friend of abraam
giannucole,Giannucole / Giannucolo,christian,m,adult-elder,peasant,poor,Sanluzzo,,,father of griselda; grandfather of figliuolo-1010 figliuola-1010
gigliozzo,Gigliuozzo Saullo,,m,,,poor,Roma,,,father of agnolella
gilberto,Gilberto,christian,m,adult,,noble,Friuli,married,,husband of dianora
giletta,Giletta di Nerbona,,f,youth-adult,housewife,mercantile,Narbonne,unmarried-to-married,,daughter of gerardo; wife of beltramo
ginevrauberti,Ginevra degli Uberti / Ginevra la bella,christian,f,youth,,noble,Firenze,unmarried-to-married,,daughter of neriuberti; sister of isottauberti; wife of maffeopallizzi
sangiorgio,san Giorgio,christian,m,,,religious,Palestine,,,
giosefo,Giosefo,,m,youth,unspecified,unknown,Antiochia,married,,husband of donna-0909
giotto,Giotto (Giotto di Bondone),christian,m,adult,artist,noble,Firenze,,no,
giovanna,monna Giovanna,,f,,widow,noble,Firenze,married,,mother of figliogiovanna-0509; wife of federigoalberighi
giovannibragoniera,Giovanni del Bragoniera,,m,youth,,,Certaldo,,,
giovannidibarolo,Gianni di Barolo,,m,adult,churchauthority,poor,Barletta,unmarried,,
girolamo,Girolamo Sighieri,,m,youth,merchant,mercantile,Firenze,unmarried,,son of leonardosighieri; son of madre-0408; lover of salvestra
giuffredi,Giuffredi / Giannotto di Procida,,m,child-youth,,noble,Napoli,unmarried-to-married,,son of beritolacaracciola arrighettocapece; brother of loscacciato; husband of spina; servant of corradomalaspina gasparredoria
gisippo,Gisippo,pagan,m,,,noble,Atene,unmarried-to-married,,son of cremete; friend of tito; husband of fulvia; relative of parentigisippo-1008
santogiuliano,san Giuliano,christian,m,,,religious,,married,,
gostanza-0404,Gostanza Hohenstaufen (IV.4),christian,f,adult,,royalty,,,,aunt of reguglielmo; sister of ruggieri-0404; mother of federicoii; relative of guiscardo; grandmother of remanfredi
gostanza,Gostanza (V.2),christian,f,youth,,noble,Lipari,unmarried-to-married,,wife of martuccio
gottifrebuglione,Gottifré di Buglione,,m,adult,duke,noble,France,,,
griselda,Griselda,christian,f,youth-adult,housewife,poor,Sanluzzo,unmarried-to-married,,daughter of giannucole; wife of gualtierisanluzzo; mother of figliuola-1010 figliuolo-1010
gualtierianversa,Gualtieri conte d'Anguersa,,m,adult-elder,count,noble,Anversa,married,,father of luigi violante
gualtierisanluzzo,Gualtieri marchese di Sanluzzo,christian,m,adult,lord,noble,Sanluzzo,unmarried-to-married,,husband of griselda; father of figliuola-1010 figliuolo-1010; relative of contipanago; relative of famigliare-1010
gasparredoria,messer Guasparrino Doria,,m,adult,,noble,Genova,,,
guasparruolo,Guasparruolo Cagastraccio,,m,,merchant,mercantile,Milano,married,,husband of ambruogia
guasparruolosaliceto,Guasparuolo da Saliceto,,m,adult,legalauthority,,Forlimpopoli,married,,husband of bergamina
guccio,Guccio (Balena o Imbratta o Porco),,m,adult,servant,poor,,,,servant of fratecipolla
reguglielmo,Guglielmo II di Sicilia,christian,m,adult,king,royalty,Sicilia,married,,nephew of gostanza-0404; relative of guiscardo; nephew of ruggieri-0404; cousin of federicoii; grandfather of gerbino
guidocavalcanti,Guido Cavalcanti,,m,adult,writer,noble,Firenze,,,son of cavalcantecavalcanti
guidotto,Guidotto da Cremona,,m,elder,soldier,military,Cremona,,,guardian of agnesabernabuccio
guidoanastagi,Guido degli Anastagi,christian,m,,knight,noble,Ravenna,,,
guidomonforte,Guido di Monforte,,m,adult,count,noble,France,,,
guglielmino,Guiglielmino da Medicina,,m,adult,,,Romagna,,,
guiglielmoborsiere,Guiglielmo Borsiere,,m,adult,courtier,noble,Firenze,,,
guiglielmoguardastagno,Guiglielmo Guardastagno,christian,m,adult,knight,noble,France,,,lover of moglierossiglione-0409
guiglielmomagna,Guiglielmo della Magna,christian,m,adult,knight,noble,,unmarried-to-married,,husband of isottauberti
guiglielmorossiglione,Guiglielmo Rossiglione,,m,adult,knight,noble,Roussillon,married,,husband of moglierossiglione-0409; murderer of guiglielmoguardastagno
guiscardo,Guiscardo,,m,adult,,poor,Salerno,unmarried,,lover of ghismonda; servant of tancredi
gulfardo,Gulfardo,christian,m,,soldier,military,Germany,unmarried,,lover of ambruogia
iancofiore,madonna Iancofiore,,f,adult,outlaw,mercantile,Palermo,unmarried,,lover of salabaetto
ippocrate,Ipocrate (I.in) Ipocrasso / Porcograsso (VIII.9),pagan,m,adult,doctor,,ancientGreece,,,
isabella,Isabella,,f,,housewife,noble,Firenze,married,,wife of marito-0706; lover of leonetto; lover of lambertuccio
isabetta,Isabetta,christian,f,youth,nun,religious,,unmarried,,
monnaisabetta,Monna Isabetta,christian,f,adult,housewife,,Firenze,,,wife of frapuccio; lover of donfelice
isnardo,Isnardo di Rossiglione,,,,count,noble,Roussillon,,,father of beltramo
isottauberti,Isotta Uberti / Isotta la bionda,christian,f,youth,,noble,Firenze,unmarried-to-married,,daughter of neriuberti; sister of ginevrauberti; wife of guiglielmomagna
lagina,Lagina,,f,,,poor,Firenze,unmarried,,lover of stramba
landolfoprocida,Landolfo di Procida,,m,adult,,,Procida,,,brother of gianprocida; father of gianniprocida
landolfo,Landolfo Rufolo,christian,m,,merchant,mercantile,Ravello,,,
lamberti,Lamberti,,,,family,,Firenze,,,
lamberto,Lamberto Agolanti,,m,,merchant,noble,Firenze,married,,son of tebaldo; relative of agolanti; brother of agolante tedaldo
lambertuccio,Lambertuccio,,m,,knight,noble,Firenze,unmarried,,lover of isabella
lapuccio,Lapuccio,,m,adult,artisan,mercantile,Varlungo,,,
lazzarinodeguazzagliotri,Lazzarino de Guazzagliotri,,m,adult,,,Prato,,,lover of madonnafilippa
leonardosighieri,Leonardo Sighieri,,m,adult,merchant,mercantile,Firenze,married,,husband of madre-0408; father of girolamo
leonetto,Leonetto / Lionetto,,m,youth,,mercantile,Firenze,unmarried,,lover of isabella
lidia,Lidia,,f,youth,housewife,noble,Argo,married,,wife of nicostrato; lover of pirro
liello,Liello di Campo di Fiore degli Orsini,,m,,lord,noble,Roma,married,,husband of donna-0503
lisa,Lisa Puccini,christian,f,youth,,noble,Firenze,unmarried-to-married,,daughter of bernardo madre-1007; wife of perdicone
lisettaquirino,Lisetta Quirino (IV.2),,f,adult,housewife,mercantile,Venezia,married,,lover of berto
lisimaco,Lisimaco,,m,adult,cityauthority,noble,Rodi,unmarried-to-married,,husband of cassandrea
lizio,Lizio da Valbona,,m,adult,knight,noble,Romagna,,,husband of giacomina; father of caterina
lodovico,Lodovico / Anichino,,m,,knight,noble,Parigi,unmarried,,lover of beatricegalluzzi; servant of eganogalluzzi
lorenzo,Lorenzo,,,youth,merchant,mercantile,Pisa,unmarried,,lover of ellisabetta
lotto,Lotto,,m,adult,merchant,mercantile,,,,
lottogualandi,Lotto Gualandi,,m,adult,,noble,Pisa,,,father of bartolomea
lusca,Lusca,,f,adult,intermediary,poor,Argo,,,servant of lidia
maddalena,Maddalena,,f,adult,,religious,,,,
maffeopallizzi,Maffeo da Palizzi,christian,m,adult,knight,noble,Messina,unmarried-to-married,,husband of ginevrauberti
malagevole,Malagevole,,m,,,poor,Firenze,,,
malgheridaghisolieri,Malgherida dei Ghisolieri,,f,adult,widow,,Bologna,unmarried,,
manardi,Manardi da Brettinoro,,,,family,,,,,family of ricciardomanardi
remanfredi,re Manfredi (di Sicilia),,m,adult,emperor,royalty,,,,son of federicoii; grandson of gostanza-0404; grandfather of fediiar; father of reina-1007
mangione,Mangione (IX.5),,m,,pander,mercantile,Firenze,,,
manicodiscopa,Manico di Scopa,,m,,,,,,,
manuello,Manovello,,m,youth,,royalty,Costantinopoli,,,nephew of imperatorecostantinopoli
mannucciocuculia,Mannuccio dalla Cuculia,christian,m,,,noble,SanFrediano,,,father of monnatessa
marato,Marato,christian,m,youth,,noble,,,,brother of pericone; lover of alatiel
marchese,Marchese,christian,m,adult,jester,,Firenze,,,
marcovarrone,Marco Varrone,pagan,m,adult,cityauthority,military,Roma,,,
margheritaimolese,Margherita d'Imolese,,f,adult,,noble,Firenze,married,,wife of talano
marino,Marino Bolgaro,,,adult,,noble,Ischia,married,,father of restituta
martellino,Martellino,christian,m,adult,jester,,Firenze,,,
martuccio,Martuccio Gomito,christian,m,youth,pirate,military,Lipari,unmarried-to-married,,husband of gostanza
masettolamporecchio,Masetto da Lamporecchio,christian,m,youth,servant,poor,Tuscany,unmarried,,servant of monache-0301; lover of monache-0301
masosaggio,Maso del Saggio,christian,m,adult,merchant,mercantile,,,,
mechtildemagdeburg,donna Matelda / Mechtilde di Magdeburg,christian,f,adult,nun,religious,Magdeburgo,unmarried,,
matteuzzo,Matteuzzo,,m,adult,,mercantile,Firenze,,,
mazza,messer Mazza,,m,,,,,,,
matteomontagna,Mazzeo della Montagna,,m,elder,doctor,noble,Salerno,married,,husband of moglie-0410
melchisedech,Melchisedech,jew,m,adult,moneylender,mercantile,AlessandriaEg,,,
melisso,Melisso,,m,youth,unspecified,noble,Laiazzo,,,
meriabdela,Meriabdela,muslim,m,adult,sultan,royalty,Tunisi,,,
meta,don Meta,,m,,,,,,,
meucciotura,Meuccio di Tura,christian,m,youth,unspecified,poor,Siena,unmarried,,friend of tingocciomini; lover of mitaanselmini
sanmichele,san Michele,christian,m,,,religious,,,,
michelescalza,Michele Scalza,,m,adult,,,Firenze,,,
michelescotto,Michele Scotto,,m,adult,magician,noble,Scotland,,,
mico,Mico da Siena,,m,adult,writer,unknown,Siena,,,
minghino,Minghino di Mingole,,m,youth,,,,unmarried-to-married,,husband of agnesabernabuccio
minuccio,Minuccio d'Arezzo,,m,adult,artist,,Arezzo,,,
mitaanselmini,monna Mita Anselmini,,f,,unspecified,poor,Siena,married,,wife of ambruogioanselmini; lover of tingocciomini meucciotura
mitridanes,Mitridanes,,m,youth,unspecified,noble,MidEast-FarEast,,,
musciattofranzesi,Musciatto Franzesi,,m,adult,merchant,mercantile,Firenze,,,
naldino,Naldino,,m,adult,artisan,mercantile,Varlungo,,,
nastagio,Nastagio degli Onesti,,m,youth,,noble,Ravenna,unmarried-to-married,,husband of figliatraversari-0508
natan,Natan / servidor di Natan,,m,elder,lord,noble,Cattaio,,,
neerbale,Neerbale,,m,youth,unspecified,,Capsa,unmarried-to-married,,husband of alibech
negropontecarraro,Negro da Ponte Carraro,,m,adult,,noble,Brescia,,no,father of andreuola
nellodidino,Nello (di Dino),,m,adult,artist,mercantile,Firenze,,,
neriuberti,messer Neri degli Uberti,christian,m,adult,knight,noble,Firenze,,,father of ginevrauberti isottauberti
nerivannini,Neri Vannini,,m,adult,,noble,Firenze,,,
niccola,Niccola da San Lepidio,,m,adult,cityauthority,noble,SantElpidio-a-Mare,,,
niccolocornacchini,Niccolò Cornacchini,,m,adult,merchant,mercantile,Firenze,,,father of filippocornacchini
salabaetto,Niccolò da Cignano / Salabaetto,,m,youth,merchant,mercantile,Firenze,unmarried,,lover of iancofiore
niccologragnano,Niccolò da Grignano,,m,adult,,,ValGragnano(Carrara),married,,husband of spina
niccolosa,Niccolosa,,f,,prostitute,mercantile,Firenze,unmarried,,lover of filippocornacchini
niccolosa-0906,Niccolosa,,f,youth,maiden,poor,,unmarried,,daughter of oste-0906; lover of pinuccio
niccoluccio,Niccoluccio Caccianimico / Caccianemico,christian,m,adult,unspecified,noble,Bologna,married,,husband of catalina; friend of gentile; father of figlio-1004
nicostrato,Nicostrato,,m,elder,lord,noble,Argo,married,,husband of lidia
nonnapulci,monna Nonna de' Pulci (VI.3),,f,youth,housewife,,Firenze,married,,cousin of alessorinucci
nuta,Nuta (VI.10),,f,youth,servant,poor,Certaldo,unmarried,,
nuto,Nuto (III.1),,m,adult,peasant,poor,Lamporecchio,,,
nutobuglietti,Nuto Buglietti (VIII.2),,m,adult,,,Varlungo,,,son of buglietto
oretta,madonna Oretta (VI.1),,f,adult,housewife,noble,Firenze,married,,wife of gerispina
ormisda,Ormisda (V.1),,m,youth,,noble,Rodi,unmarried,,brother of pasimunda
orsini,Orsini (V.3),christian,,,,noble,Roma,,,family of liello
ozbek,Osbech (II.7),,m,youth,king,royalty,,unmarried-to-married,,husband of alatiel
ottaviano,Ottaviano Cesare Augusto (X.8),pagan,m,adult,emperor,,Roma,,,
paganinomonaco,Paganino da Monaco/da Mare (II.10),,m,adult,pirate,,Monaco,unmarried-to-married,,husband of bartolomea
palemone,Palemone (VII.con),,m,,,,,,,
paolotraversari,Paolo Traversari (V.8),,m,adult,,noble,Ravenna,married,,father of figliatraversari-0508
pasimunda,Pasimunda (V.1),,m,youth,,noble,Rodi,,,brother of ormisda
pasquino,Pasquino (IV.7),,,youth,merchant,plebeian,Firenze,unmarried,,lover of simona; friend of stramba atticiato malagevole
perdicone,Perdicone (X.7),christian,m,youth,,poor,,unmarried-to-married,,husband of lisa
pericone,Pericone da Visalgo (II.7),christian,m,adult,,noble,Visalgo,,,brother of marato; lover of alatiel
peronella,Peronella (VII.2),christian,f,youth,housewife,poor,Napoli,married,,wife of marito-0702; lover of giannello
luigi,Luigi / Perotto (II.8),,m,youth-adult,,noble,,unmarried-to-married,,son of gualtierianversa; brother of violante
piccarda,Piccarda (VIII.4),christian,f,adult,widow,noble,Fiesole,unmarried,,
pietro,Pietro / padre di Andreuccio da Perugia,,m,,unspecified,mercantile,Perugia,,,father of andreuccio
pietrodatresanti,Pietro da Tre Santi (IX.10),,m,adult,merchant,poor,Tresanti,married,,husband of gemmata
pierodifiorentino,Piero di Fiorentino (VI.6),,m,youth,,,Firenze,,,
pietroiiiaragona,"Piero di Raona (II.6, X.7)",,m,adult,king,royalty,Aragona(Spain),,,father of fediiar
pietroboccamazza,Pietro Boccamazza (V.3),,m,youth,,noble,Roma,unmarried-to-married,,husband of agnolella
pietrocanigiano,Pietro dello Canigiano (VIII.10),,m,adult,treasurer,noble,Firenze,,,friend of salabaetto
pietrovinciolo,Pietro di Vinciolo (V.10),,m,adult,,mercantile,Perugia,married,,husband of moglie-0510; friend of ercolano
pinuccio,Pinuccio (IX.6),,m,youth,unspecified,noble,Firenze,unmarried,,friend of adriano; lover of niccolosa-0906
pirro,Pirro (VII.9),,m,youth,servant,poor,Argo,unmarried,,servant of nicostrato; lover of lidia
prestogiovanni,Presto Giovanni (VIII.9),,m,adult,emperor,religious,Ethiopia,,,
primasso,Primasso (I.7),,m,adult,writer,,Parigi,,,
publioambusto,Publio Ambusto (X.8),pagan,m,youth,murderer,poor,Roma,,,family of quinzi
publioqf,Publio Quinzio Fulvo (X.8),pagan,m,adult,,noble,Roma,,,father of tito fulvia; friend of cremete; family of quinzi
frapuccio,Puccio di Rinieri/frate Puccio (III.4),christian,m,adult,,religious,Firenze,married,,husband of monnaisabetta
quinzi,Quinzii,,,,,noble,Roma,,,family of publioqf publioambusto tito
agnologabriello,Agnolo Gabriello (IV.2),christian,,,angel,,,,,
restagnone,Restagnone (IV.3),,m,youth-adult,unspecified,noble,Marsiglia,,,lover of ninettacivada
restituta,Restituta (V.6),,f,youth,,noble,Ischia,unmarried-to-married,,daughter of marino; wife of gianniprocida
ribi,Ribi (VIII.5),,m,,jester,,Firenze,,,friend of masosaggio matteuzzo
riccardochinzica,messer Riccardo di Chinzica (II.10),,m,elder,legalauthority,,Pisa,unmarried-to-married,,husband of bartolomea
ricciardomanardi,Ricciardo de' Manardi da Brettinoro (V.4),,m,youth,,noble,Bertinoro,unmarried-to-married,,husband of caterina
ricciardominutolo,Ricciardo Minutolo (III.6),,m,youth,,noble,Napoli,married,,lover of catella
rinaldoasti,Rinaldo d'Asti (II.2),,m,adult,merchant,mercantile,Ferrara,,,lover of vedova-0202
fraterinaldo,frate Rinaldo / Rinaldo (VII.3),christian,m,adult,preacher,religious,Siena,unmarried,,lover of agnesa
rinaldodepugliesi,Rinaldo de' Pugliesi (VI.7),,m,adult,,,Prato,,,husband of madonnafilippa
rinieri,Rinieri (VII.7),,m,adult,scholar,noble,Firenze,unmarried,,
rinuccio,Rinuccio Palermini (IX.1),,m,adult,unspecified,noble,Firenze,unmarried,,
robertoangio,Roberto d'Angiò (VI.3),,m,,king,royalty,,,,grandson of recarloi; son of recarloii
ruberto,Ruberto (VII.8),,m,youth,,,Firenze,unmarried,,lover of sismonda
ruggieri-0404,Ruggieri (IV.4),christian,m,adult,,royalty,,,,father of gerbino; brother of gostanza-0404; son of reguglielmo; uncle of federicoii; family of guiscardo
ruggieriaieroli,Ruggieri d'Aieroli (IV.10),,m,youth,outlaw,noble,Salerno,unmarried,,lover of moglie-0410
ruggierifigiovanni,Ruggieri de' Figiovanni (X.1),christian,m,,knight,noble,Firenze,,,family of figiovanni
ruggieriloria,Ruggieri de Loria (V.6),,m,,admiral,military,Lauria,,,
rustico,Rustico (III.10),christian,m,youth,hermit,,,,,lover of alibech
saladino,Saladino / Saladin (I.3 X.9) (Yusuf ibn-Ayyub),muslim,m,adult,sultan,royalty,AlessandriaEg,,,
salomone,Salamone (IX.9),,m,adult,king,,Israel,,,
salvestra,Salvestra (IV.8),,f,youth,maiden,poor,Firenze,unmarried-to-married,,wife of marito-0408; lover of girolamo
sandroagolanti,Sandro Agolanti,,m,adult,merchant,noble,Treviso,married,,relative of agolanti
loscacciato,lo Scacciato (II.6),,m,child-youth,,noble,Lipari,unmarried-to-married,,son of arrighettocapece beritolacaracciola; brother of giuffredi; servant of gasparredoria
scannadio,Scannadio (IX.1),,m,,outlaw,,Pistoia,,,
scolaio,Scolaio,,m,,,,,,,
sicofante,Sicofante (VI.in),,m,,,,,,,
simona,Simona (IV.7),,f,youth,artisan,poor,Firenze,unmarried,,lover of pasquino
simone,"Simone da Villa / maestro Simone (VIII.9, IX.3)",,m,adult,doctor,mercantile,Firenze,married,,
sismonda,monna Sismonda Berlinghieri (VII.8),christian,f,,housewife,noble,Firenze,married,,wife of arriguccio; lover of ruberto; sister of fratello1-0708 fratello2-0708 fratello3-0708; daughter of madre-0708
sofronia,Sofronia (X.8),pagan,f,youth,,noble,Atene,unmarried-to-married,,wife of tito; relative of parentisofronia-1008
spina,Spina (II.6),,f,youth,widow,noble,,unmarried-to-married,,daughter of corradomalaspina mogliecmalaspina-0206; wife of niccologragnano giuffredi
spinelloccio,Spinelloccio Tavena (VIII.8),,m,youth,unspecified,plebeian,Siena,married,,lover of mogliezeppa-0808; husband of mogliespinelloccio-0808
squacchera,Squacchera (VIII.9),,,,,,,,,
stecchi,Stecchi (II.1),christian,m,,jester,,Firenze,,,
stramba,Stramba (Puccino) (IV.7),,m,,,poor,Firenze,unmarried,,lover of lagina
talano,Talano d'Imolese (IX.7),,m,adult,unspecified,noble,Firenze,married,,husband of margheritaimolese
tamagnin,Tamagnin della Porta (VIII.9),,,,,,,,,
tancredi,Tancredi (IV.1),,m,elder,prince,royalty,Salerno,,,father of ghismonda
tebaldo,messer Tebaldo Agolanti (II.3),christian,m,,knight,noble,Firenze,,,father of agolante lamberto tedaldo; relative of agolanti
tedaldo,Tedaldo Agolanti (II.3),,m,,merchant,noble,Firenze,married,,son of tebaldo; brother of agolante lamberto; relative of agolanti
tedaldoelisei,Tedaldo degli Elisei (III.7),,m,youth,,noble,Firenze,unmarried,,lover of ermellina
teodoro,Teodoro / Pietro (V.7),,m,youth,unspecified,noble,Armenia,unmarried-to-married,,son of fineo; husband of violante-abate; servant of amerigo
tessa,"monna Tessa (VIII.3, IX.3)",christian,f,adult,housewife,mercantile,Firenze,married,,wife of calandrino
monnatessa,monna Tessa dalla Cuculia (VII.1),christian,f,,housewife,mercantile,SanFrediano,married,,wife of giannilotteringhi; lover of federigoneripegolotti; daughter of mannucciocuculia
teodolinda,Teudelinga (III.2),,f,,queen,royalty,longobarda,married,,wife of autari agilulfo
tingocciomini,Tingoccio Mini (VII.10),christian,m,youth,unspecified,unknown,Siena,unmarried,,friend of meucciotura
tito,Tito Quinzio Fulvo (X.8),pagan,m,,lord,noble,Roma,unmarried-to-married,,ward of cremete; son of publioqf; friend of gisippo; husband of sofronia; family of quinzi
tofano,Tofano (VII.4),christian,m,adult,,noble,Arezzo,married,,husband of ghita
torello,Torello di Stra da Pavia (X.9),christian,m,adult,knight,noble,Pavia,married,,husband of adalieta; friend of saladino; nephew of abatesp-1009
torellodignes,Torello di Dignes (X.9),christian,m,,knight,noble,Dignes,,,
traversari,Traversari (V.8),,,,,noble,Ravenna,,,family of paolotraversari
troilo,Troilo (VI.in),,m,adult,,,,,,lover of criseida
ughetto,Ughetto (IV.3),,m,youth-adult,unspecified,,Marsiglia,,,lover of bertellacivada; friend of folco
usimbalda,madonna Usimbalda (IX.2),christian,f,adult,nun,religious,,unmarried,,
avicenna,Vannaccena / Avicena (VIII.9),pagan,m,,doctor,,ancientGreece,,,
vegliomontagna,Veglio della Montagna (III.8),another,m,,religiousauthority,religious,,,,
venere,Venere (II.7),pagan,f,,,,,,,
verdiana,Verdiana (V.10),,f,,,,Castelfiorentino,,, of vecchia-0510
vieridecerchi,Vieri de' Cerchi (IX.8),,m,adult,cityauthority,noble,Firenze,,,
violante-abate,Violante (V.7),,f,youth,unspecified,noble,Trapani,unmarried-to-married,,daughter of amerigo; wife of teodoro
zima,Ricciardo / il Zima (III.5),,m,,,mercantile,Pistoia,,,lover of donna-0305
zeppa,Zeppa di Mino (VIII.8),,m,youth,unspecified,noble,Siena,married,,friend of spinelloccio; lover of mogliespinelloccio-0808
ginevra,madonna Zinevra Lomellini / Sicurano (II.9),,f,,housewife,mercantile,Genova,married,,wife of bernabo; servant of encararh
zitacarapresa,Zita Carapresa di Giudice Leo (IX.10),,f,,unspecified,unknown,Tresanti,,,
abate-0104,abate (I.4),christian,m,adult,abbot,religious,Lunigiana,unmarried,,lover of giovinetta-0104
donna-0203,donna / abate (II.3),christian,f,,princess,royalty,England,unmarried-to-married,,wife of alessandro
abate-0308,abate (III.8),christian,m,adult,abbot,religious,Tuscany,,,lover of donna-0308
abatesp-1009,abate della chiesa di San Piero (X.9),christian,m,adult,abbot,religious,Pavia,,,uncle of torello
albegatrice-0309,albegatrice (III.9),,f,adult,innkeeper,mercantile,Firenze,,,
amante-0807,amante(VIII.7),,m,youth,unspecified,unknown,Firenze,unmarried,,lover of elena
ambasciatore-1009,ambasciadore (X.9),christian,m,adult,legalauthority,noble,Genova,,,
badessa-0301,badessa (III.1),christian,f,adult,churchauthority,religious,,unmarried,,
barattiere-0908,barattiere (IX.8),,m,,legalauthority,poor,Firenze,,,
brigata-0606,brigata (VI.6),,m,adult,,,Firenze,,,friend of nerivannini pierodifiorentino
brigata-0609,brigata (VI.9),,m,adult,,mercantile,Firenze,,,friend of bettobrunelleschi
calzolaio-0307,calzolaio (III.7),,m,,artisan,,Firenze,,,
cameriera-1005,cameriera (X.5),,f,,servant,poor,Udine,,,servant of dianora
castaldo-0301,castaldo (III.1),,m,elder,steward,poor,,,,
cavaliere-0203,l'uno de' cavalieri (II.3),,m,elder,knight,military,England,,,
cavaliere-0601,cavaliere (VI.1),,m,adult,knight,military,Firenze,,,
chierico-0802,chierico(VIII.2),christian,m,youth,churchauthority,religious,Varlungo,unmarried,,
cognati-0402,cognati (IV.2),,m,adult,,noble,Venezia,,,relative of lisettaquirino
comare-0402,comare (IV.2),,f,adult,,,Venezia,,,
compagni-1003,compagni (X.3),,,,unspecified,unknown,unknown,,,friend of mitridanes
compagni-1006,compagni (X.6),,,,,noble,,,,friend of recarloi
compagni-1009,compagni (X.9),muslim,m,,unspecified,noble,AlessandriaEg,,,friend of torello
compagno-0703,compagno (VII.3),christian,m,,,,Siena,,,friend of fraterinaldo
contipanago,conti da Panago (X.10),,,,count,noble,Bologna,,,family of gualtierisanluzzo figliuolo-1010 figliuola-1010
dama-0208,gran dama Lamiens / la donna (II.8),,f,adult,,noble,Londra,married,,mother of giachetto; wife of padregiachetto-0208; guardian of violante
donna-0109,gentil donna di Guascogna (I.9),christian,f,,,noble,Guascogna,,,
donna-0204,donna (II.4),,f,adult,unspecified,poor,Corfu,,,
mogliecmalaspina-0206,una/la donna (II.6),,f,youth,,noble,Villafranca,married,,wife of corradomalaspina; mother of spina
donna-0303,donna (III.3),,f,adult,housewife,noble,Firenze,married,,
donna-0305,donna (III.5),,f,adult,housewife,noble,Pistoia,married,,wife of francesco
donna-0308,donna (III.8),christian,f,adult,housewife,mercantile,Tuscany,married,,wife of ferondo; lover of abate-0308
donna-0309,gentil donna (III.9),,f,adult,,noble,Firenze,,,
moglierossiglione-0409,la donna (IV.9),,f,adult,housewife,noble,,married,,wife of guiglielmorossiglione; lover of guiglielmoguardastagno
donna-0503,donna (V.3),,f,,housewife,noble,Roma,married,,wife of liello
donna-0705,donna (VII.5),christian,f,,housewife,mercantile,Rimini,married,,wife of geloso-0705; lover of filippo
mogliezeppa-0808,donna / moglie di Zeppa (VIII.8),,f,,housewife,mercantile,Siena,married,,wife of zeppa; lover of spinelloccio
mogliespinelloccio-0808,donna / moglie di Spinelloccio (VIII.8),,f,,housewife,mercantile,Siena,married,,wife of spinelloccio
donna-0809,donna (VIII.9),,f,adult,housewife,mercantile,Firenze,married,,wife of simone
donna-0906,donna (IX.6),,f,adult,housewife,poor,,married,,wife of oste-0906; mother of niccolosa-0906; lover of adriano
donna-0909,donna (IX.9),,f,,housewife,unknown,Antiochia,married,,wife of giosefo
donne-0301,donne (III.1),christian,f,youth,nun,religious,Tuscany,,,
donne-0310,donne (III.10),,f,,,,Capsa,,,
ducaatene,duca d'Atene,,m,youth,duke,noble,Atene,unmarried,,relative of principemorea nuovoprincipemorea; murderer of principemorea; lover of alatiel
ducacreti,duca di Creti (IV.3),,,adult,cityauthority,,Creti,,,lover of magdalenacivada
famiglia-0901,famiglia della signoria (IX.1),,,,cityauthority,,,,,
famigliare-0209,famigliare (II.9),,m,,servant,,Pistoia,,,servant of bernabo
famigliare-0401,famigliare (IV.1),,m,,,,,,,servant of guiscardo
famigliare-0602,famigliare (VI.2),,m,,,,,,,servant of gerispina
famigliare-1001,famigliare di re Alfonso / lo scudiere (X.1),,m,,servant,,,,,servant of realfonso
famigliare-1010,famigliare di Gualtieri da Sanluzzo (X.10),,m,,servant,poor,Sanluzzo,,,servant of gualtierisanluzzo
famigliari-1004,famigliari (X.4),,,,servant,poor,Bologna,,,servant of gentile
famigliari-1005,famigliari (X.5),,,,servant,,Friuli,,,servant of dianora
famigliari-1006,famigliari (X.6),,,,servant,poor,Firenze,,,servant of neriuberti
famigliari-1009,famigliari (X.9),muslim,m,,servant,,AlessandriaEg,,,servant of saladino
fanciulli-0709,fanciulli (VII.9),,m,child,,,Argo,,,servant of nicostrato
fanciulli-0804,fanciulli (VIII.4),,,child,,,Fiesole,,,
fanciullo-0205,fanciullo (II.5),,m,,servant,poor,Napoli,,,servant of fiordaliso
fante-0202,fante (II.2),,f,,servant,poor,,,,servant of rinaldoasti
fante-0205,fante (II.5),,f,youth,servant,poor,Napoli,,,servant of fiordaliso
fante-0410,fante (IV.10),,f,youth,servant,poor,,,,servant of moglie-0410
fante-0406,fante (IV.6),,f,,servant,poor,Brescia,,,servant of andreuola
fante-0505,fante (V.5),,f,,intermediary,poor,,,,servant of giacomino agnesabernabuccio
fante-0703,fante / fanticella (VII.3),,f,,servant,poor,Siena,,,servant of agnesa
fante-0706,fante (VII.6),,f,,servant,poor,Firenze,,,servant of isabella
fante-0708,fante (VII.8),,f,,servant,poor,Firenze,,,servant of sismonda
fantedonna-0807,fante (VIII.7),,f,,servant,poor,Firenze,,,servant of elena
fanteuomo-0807,fante (VIII.7),,m,,servant,poor,Firenze,,,servant of rinieri
fanti-0307,fanti (III.7),,m,,soldier,,,,,
fanti1-0503,da dodici fanti (V.3),,m,,soldier,military,,,,
fanti2-0503,venticinque fanti (V.3),,m,,soldier,military,,,,
buonafemina-0306,buona femina (III.6),,f,,bath-matron,,,,,
femina-1005,una femina / buona femina (X.5),,f,,,,Friuli,,,servant of ansaldo
femine-0410,femine (IV.10),,f,youth,unspecified,unknown,,,,lover of prestatori-0410
donna-1003,feminella / vecchierella (X.3),,f,elder,unspecified,poor,unknown,,,
figliatraversari-0508,figlia di Paolo Traversari (V.8),,f,youth,,noble,Ravenna,unmarried-to-married,,wife of nastagio; daughter of paolotraversari
figlio-1004,figlioletto / Gentile (X.4),christian,m,child,,noble,Bologna,,,son of catalina niccoluccio
figliuola-1010,figliuola (X.10),christian,f,child,,noble,Sanluzzo,unmarried-to-married,,daughter of gualtierisanluzzo griselda; relative of contipanago; granddaughter of giannucole
figliuolo-1010,figliuolo (X.10),christian,m,child,,noble,Sanluzzo,unmarried,,son of gualtierisanluzzo griselda; grandson of giannucole; relative of contipanago
fiorentino-0201,fiorentino (II.1),christian,m,,,,Firenze,,,
folla-0402,folla (IV.2),,,,,,Venezia,,,
frate-0101,frate (I.1),christian,,adult,preacher,religious,Borgogna,,,
frate-0303,frate (III.3),,,,,religious,Firenze,,,
fratelli-0101,fratelli (I.1),,m,adult,merchant,mercantile,Firenze,,,
fratelli-0405,fratelli (IV.5),,m,adult,merchant,mercantile,SanGimignano,unmarried,,brother of ellisabetta; murderer of lorenzo
fratelligiovanna-0509,fratelli (V.9),,m,,,noble,Firenze,,,brother of giovanna
fratello1-0708,fratello 1 (VII.8),,m,,,noble,Firenze,,,brother of sismonda; son of madre-0708
fratello2-0708,fratello 2 (VII.8),,m,,,noble,Firenze,,,brother of sismonda; son of madre-0708
fratello3-0708,fratello 3 (VII.8),,m,,,noble,Firenze,,,brother of sismonda; son of madre-0708
fratelli-0804,fratelli (VIII.4),,m,youth,,mercantile,Fiesole,unmarried,,brother of piccarda
geloso-0705,il geloso (VII.5),christian,m,,merchant,mercantile,Rimini,married,,husband of donna-0705
genovesi-0204,genovesi (II.4),,,adult,merchant,mercantile,Genova,,,
figliobalducci-04intro,giovane (IV.in),christian,m,,,,Firenze,unmarried,,son of filippobalducci
giovane-0704,giovane (VII.4),,m,youth,unspecified,unknown,Arezzo,unmarried,,lover of ghita
figliogiovanna-0509,giovanetto / figliolo (V.9),,m,child-youth,,noble,Firenze,,,son of giovanna
giovinetta-0104,giovinetta (I.4),,f,youth,maiden,,Lunigiana,,,lover of abate-0104 monaco-0104
giudice-0201,giudice (II.1),,m,adult,legalauthority,,Treviso,,,
giudice-0407,giudice (IV.7),,m,adult,legalauthority,,,,,
imperatorecostantinopoli,imperadore di Costantinopoli (II.7),,m,adult,emperor,royalty,,married,,
inquisitore-0106,inquisitore (I.6),christian,m,adult,churchauthority,religious,Firenze,,,
ladro-0202,ladro (II.2),christian,m,,outlaw,,,,,
ladri-0205,ladri (II.5),,m,,outlaw,,Napoli,,,
lavoratore-0807,lavoratore (VIII.7),,m,,peasant,poor,Firenze,,,servant of elena
legnaiuolo-0410,legnaiuolo (IV.10),,m,,artisan,mercantile,,,,
madre-1004,madre di Gentile (X.4),christian,f,elder,,noble,Bologna,,,mother of gentile
madre-0408,madre di Girolamo (IV.8),,f,adult,widow,mercantile,Firenze,,,mother of girolamo; wife of leonardosighieri
madre-0708,madre di Sismonda (VII.8),christian,f,elder,,noble,Firenze,,,mother of sismonda fratello1-0708 fratello2-0708 fratello3-0708
madre-1007,madre di Lisa (X.7),christian,f,adult,,noble,Palermo,married,,wife of bernardo; mother of lisa
capobrigata-0503,maggior della brigata (V.3),,m,,,,,,,
marchesanamonferrato,marchesana di Monferrato,christian,f,adult,housewife,noble,Piedmont,married,,wife of marchesemonferrato
marchesemonferrato,marchese di Monferrato,christian,m,adult,,noble,Piedmont,married,,husband of marchesanamonferrato
marito-0408,marito (IV.8),,m,adult,artisan,,,married,,husband of salvestra
marito-0702,marito (VII.2),christian,m,,peasant,poor,Napoli,,,husband of peronella
marito-0703,marito (VII.3),christian,m,adult,unspecified,noble,Siena,married,,husband of agnesa
marito-0706,marito (VII.6),,m,,knight,noble,Firenze,married,,husband of isabella
masnadieri-1002,masnadieri (X.2),,m,,outlaw,,Siena,,,friend of ghino
medico-0208,medico assai giovane (II.8),,m,youth,doctor,,Londra,,,
moglie-0410,moglie (IV.10),,f,youth,housewife,unknown,Salerno,married,,wife of matteomontagna
moglie-0510,moglie di Pietro di Vinciolo (V.10),,f,youth,,,Perugia,married,,wife of pietrovinciolo
moglieercolano-0510,moglie / donna (di Ercolano V.10),,f,,,,Perugia,married,,wife of ercolano
monache-0301,monache (III.1),christian,f,youth,nun,religious,,,,lover of masettolamporecchio
monache-0902,monache (IX.2),christian,f,,nun,religious,,,,
monaci-1009,monaci della chiesa di San Piero (X.9),christian,m,,monk,religious,Pavia,,,
monaco-0104,monaco (I.4),christian,m,youth,monk,,Lunigiana,unmarried,,lover of giovinetta-0104
monaco-0308,monaco bolognese (III.8),christian,m,,monk,religious,Bologna,,,
mulattiere-0909,mulattiere (IX.9),,m,,peasant,poor,,,,
negromante-1005,nigromante (X.5),,m,,magician,,,,,
negromante-1009,nigromante (X.9),muslim,m,,magician,,AlessandriaEg,,,servant of saladino
nuora-0208,nuora / reina di Francia (II.8),,f,youth,princess,royalty,,married,,
oste-0203,oste (II.3),,m,,innkeeper,,,married,,
oste-0707,oste (VII.7),,m,,innkeeper,,,,,
oste-0906,oste (IX.9),,m,adult,innkeeper,poor,,married,,father of niccolosa-0906; husband of donna-0906
padregiachetto-0208,padre di Giachetto Lamiens (II.8),,m,adult,,noble,Londra,married,,father of giachetto; husband of dama-0208; guardian of violante
papa-1010,Papa (X.10),christian,m,,pope,religious,,unmarried,,
parenti-0704,parenti di Ghita (VII.4),,,adult,,,,,,relative of ghita
parentisofronia-1008,parenti di Sofronia (X.8),pagan,,adult,,noble,Atene,,,relative of sofronia
parentigisippo-1008,parenti di Gisippo (X.8),pagan,,adult,,noble,Atene,,,relative of gisippo cremete
podesta-0406,podestà (IV.6),,m,adult,cityauthority,,,,,
podesta-0607,podestà (VI.7),,m,,cityauthority,,Prato,,,
principemorea,prenze della Morea,,m,adult,prince,royalty,Morea,,,lover of alatiel; relative of ducaatene; brother of nuovoprincipemorea
nuovoprincipemorea,prenze della Morea (II),,m,adult,prince,royalty,Morea,,,brother of principemorea; relative of ducaatene
prestatori-0410,prestatori (IV.10),,m,youth,pander,mercantile,,,,lover of femine-0410
prete-0205,prete (II.5),christian,m,adult,preacher,religious,Napoli,unmarried,,
prete-0802,prete (VIII.2),christian,m,adult,churchauthority,religious,Varlungo,unmarried,,lover of belcolore biliuzza
prigioniere-0206,prigioniere (II.6),,m,adult,,,,,,
principessatunisi-0404,principessa di Tunisi (IV.4),muslim,f,youth,princess,royalty,Tunisi,,,daughter of retunisi-0404
proposto-0804,proposto (VIII.4),christian,m,elder,churchauthority,religious,Fiesole,unmarried,,lover of ciutazza
recipri-0109,re di Cipri (I.9),,m,,king,royalty,,,,
recipro-0207,re di Cipro (II.7),,m,,king,royalty,,,,
refrancia-0309,re di Francia (III.9),,m,adult,king,royalty,,,,guardian of beltramo
refrancia-1009,re di Francia (X.9),,m,,king,royalty,,,,
refrancia-1010,re di Francia (X.10),,m,,king,royalty,,,,
regarbo,re del Garbo (II.7),,,,king,royalty,,unmarried-to-married,,husband of alatiel
regranada-0404,re di Granata (IV.4),pagan,,adult,king,royalty,Granada,,,
retunisi-0404,re di Tunisi (IV.4),muslim,m,adult,king,royalty,Tunisi,,,father of principessatunisi-0404
reina-1007,reina Costanza (X.7),christian,f,adult,queen,royalty,,,,wife of pietroiiiaragona
sagrestano-1009,sagrestano della chiesa di San Piero (X.9),christian,m,,monk,religious,Pavia,,,
saraceni-0404,Saracini (IV.4),pagan,,,,military,Tunisi,,,
savio-0909,savio (IX.9),,m,,,,,,,
servidore-1004,servidore (X.4),,,,servant,poor,,,,
servigiale-0205,servigiale (II.5),,f,,servant,poor,Napoli,,,servant of fiordaliso
padronearca-0410,signor dell'arca (IV.10),,m,,,,,,,
sposo-1009,sposo di Adalieta (X.9),,m,,,noble,Pavia,,,
trivigiani-0201,trivigiani (II.1),christian,,,,,Treviso,,,
tutori-0408,tutori di Girolamo (IV.8),,m,adult,,,,,,guardian of girolamo
uomini-0709,uomini (VII.9),,m,adult,,noble,Argo,,,friend of nicostrato
uomini-1004,uomini (X.4),,m,adult,,noble,Bologna,,,friend of gentile
uomini-1009,gentili uomini di Pavia (X.9),,m,,,noble,Pavia,,,
uomini-1010,uomini di Gualtieri Sanluzzo (X.10),,m,,yeoman,plebeian,Sanluzzo,,,friend of gualtierisanluzzo
uomo-0106,uomo (I.6),,m,adult,,,,,,
valente-uomo-0303,valente uomo (III.3),,m,adult,,noble,,,,
uomo-0307,uomo (III.7),,,adult,murderer,,,,,murderer of faziuolo
uomo-0310,valente uomo (III.10),christian,m,adult,hermit,,,,,
buono-uomo-0402,buono uomo (IV.2),,m,adult,,,Venezia,,,
uomo-buono-0402,uomo buono (IV.2),,m,adult,,,Venezia,,,
uomo-0702,uomo (VII.2),,m,,,,,,,
uomo-0710,uomo (VII.10),christian,m,,,,,,,
uomo-0909,uomo (IX.9),,m,,,,,,,
grecamaestra,vecchia greca,,f,adult,outlaw,,Greece,,,
vecchia-0205,vecchia (II.5),,f,elder,servant,poor,Sicilia,,,servant of fiordaliso
vecchia-0503,vecchia / buona femina (V.3),,f,elder,,,,,,wife of vecchio-0503
vecchia-0510,vecchia (V.10),christian,f,elder,,,Perugia,,,friend of verdiana; friend of moglie-0510
vecchio-0503,buon uomo attempato molto / vecchio (V.3),,m,elder,,,,,,husband of vecchia-0503
vedova-0202,vedova (II.2),,f,adult,widow,noble,,unmarried,,lover of marcheseazzo
vicini-0205,vicini (II.5),,f,,,,Napoli,,,
vicini-0405,vicini (IV.5),,,,,,,,,
vicina-0701,vicina (VII.1),,f,elder,,,,,,
vicini-0704,vicini (VII.4),,,,,,,,,
